PackageIdentifier,GitHubRepo,AvailableVersions,VersionFormatPattern,CurrentLatestVersionInWinGet,InstallerURLsCount,LatestVersionURLsInWinGet,ArchExtPairs,LatestVersionPullRequest,GitHubLatest,LatestGitHubURLs,WinGetVersionsFound,URLComparisonPerformed,ExactURLMatches,HasAnyURLMatch,WinGetVersionsList,UniqueWinGetURLsCount,ExactMatchDetails,GitHubURLsChecked,WinGetURLsTotal,ComparisonFailureReason
Xanthus58.VanillaRenewed,Xanthus58/Vanilla-Renewed,"2.2,2.3.0","1NumDot1Num,1NumDot1NumDot1Num",2.3.0,1,https://github.com/Xanthus58/Vanilla-Renewed/releases/download/1.19-2.3.0/INSTALLER_Vanilla_Renewed_1.19-2.3.0.exe,NA-exe,merged,1.19-2.3.0,https://github.com/Zephira58/Vanilla-Renewed/releases/download/1.19-2.3.0/INSTALLER_Vanilla_Renewed_1.19-2.3.0.exe,2,True,0,False,"2.3.0,2.2",2,,https://github.com/Zephira58/Vanilla-Renewed/releases/download/1.19-2.3.0/INSTALLER_Vanilla_Renewed_1.19-2.3.0.exe,2,
XiaoYouChR.GhostDownloader,XiaoYouChR/Ghost-Downloader-3,"3.5.11,3.5.12",1NumDot1NumDot2Num,3.5.12,2,"https://github.com/XiaoYouChR/Ghost-Downloader-3/releases/download/v3.5.12/Ghost-Downloader-v3.5.12-Windows-x86_64-Setup.exe,https://github.com/XiaoYouChR/Ghost-Downloader-3/releases/download/v3.5.12/Ghost-Downloader-v3.5.12-Windows-arm64-Setup.exe","arm64-exe,x86-exe",merged,v3.6,"https://github.com/XiaoYouChR/Ghost-Downloader-3/releases/download/v3.6/Ghost-Downloader-v3.6-Windows-arm64-Setup.exe,https://github.com/XiaoYouChR/Ghost-Downloader-3/releases/download/v3.6/Ghost-Downloader-v3.6-Windows-x86_64-Setup.exe",2,True,0,False,"3.5.12,3.5.11",3,,"https://github.com/XiaoYouChR/Ghost-Downloader-3/releases/download/v3.6/Ghost-Downloader-v3.6-Windows-arm64-Setup.exe,https://github.com/XiaoYouChR/Ghost-Downloader-3/releases/download/v3.6/Ghost-Downloader-v3.6-Windows-x86_64-Setup.exe",3,
xushengfeng.eSearch,xushengfeng/eSearch,"1.11.0,1.12.0,1.4.4,1.6.0,1.7.0,1.7.1,1.7.2,1.7.3,1.7.4,1.8.0,1.9.1,1.9.2,1.9.3,1.9.4,1.9.5,1.9.6,1.9.7,1.9.8,14.1.0,14.1.6,14.1.7,14.2.0,14.3.0,14.4.1,14.5.0,14.6.0,14.6.1,14.6.2,15.0.0","1NumDot1NumDot1Num,1NumDot2NumDot1Num,2NumDot1NumDot1Num",15.0.0,2,"https://github.com/xushengfeng/eSearch/releases/download/15.0.0/eSearch-15.0.0-win32-x64.exe,https://github.com/xushengfeng/eSearch/releases/download/15.0.0/eSearch-15.0.0-win32-x64.exe",x64-exe,merged,15.0.1,"https://github.com/xushengfeng/eSearch/releases/download/15.0.1/eSearch-15.0.1-win32-arm64.exe,https://github.com/xushengfeng/eSearch/releases/download/15.0.1/eSearch-15.0.1-win32-x64.exe",29,True,0,False,"1.9.1,1.6.0,14.5.0,15.0.0,1.7.2,1.8.0,1.9.6,1.9.7,14.6.0,1.11.0,1.4.4,1.12.0,14.1.6,1.7.4,14.6.2,1.7.1,14.1.7,14.3.0,14.2.0,1.7.3,1.9.3,1.9.5,1.9.2,14.4.1,1.7.0,1.9.8,14.6.1,14.1.0,1.9.4",29,,"https://github.com/xushengfeng/eSearch/releases/download/15.0.1/eSearch-15.0.1-win32-arm64.exe,https://github.com/xushengfeng/eSearch/releases/download/15.0.1/eSearch-15.0.1-win32-x64.exe",29,
xxanqw.mikusays,xxanqw/mikusays,0.1.0,1NumDot1NumDot1Num,0.1.0,2,"https://github.com/xxanqw/mikusays/releases/download/v0.1.0/mikusays-windows-x86_64.exe,https://github.com/xxanqw/mikusays/releases/download/v0.1.0/mikusays-windows-aarch64.exe","aarch64-exe,x86-exe",merged,v0.1.1,"https://github.com/xxanqw/mikusays/releases/download/v0.1.1/mikusays-windows-aarch64.exe,https://github.com/xxanqw/mikusays/releases/download/v0.1.1/mikusays-windows-x86_64.exe",1,True,0,False,0.1.0,2,,"https://github.com/xxanqw/mikusays/releases/download/v0.1.1/mikusays-windows-aarch64.exe,https://github.com/xxanqw/mikusays/releases/download/v0.1.1/mikusays-windows-x86_64.exe",2,
xssnick.tonutils-storage,xssnick/tonutils-storage,"1.1.0,1.1.1",1NumDot1NumDot1Num,1.1.1,1,https://github.com/xssnick/tonutils-storage/releases/download/v1.1.1/tonutils-storage-x64.exe,x64-exe,merged,v1.1.3,https://github.com/xssnick/tonutils-storage/releases/download/v1.1.3/tonutils-storage-x64.exe,2,True,0,False,"1.1.0,1.1.1",2,,https://github.com/xssnick/tonutils-storage/releases/download/v1.1.3/tonutils-storage-x64.exe,2,
X-Hax.SAModManager,X-Hax/SA-Mod-Manager,1.3.3,1NumDot1NumDot1Num,1.3.3,2,"https://github.com/X-Hax/SA-Mod-Manager/releases/download/1.3.3/release_x86.zip,https://github.com/X-Hax/SA-Mod-Manager/releases/download/1.3.3/release_x64.zip","x64-zip,x86-zip",merged,1.3.4,"https://github.com/X-Hax/SA-Mod-Manager/releases/download/1.3.4/release_x64.zip,https://github.com/X-Hax/SA-Mod-Manager/releases/download/1.3.4/release_x86.zip",1,True,0,False,1.3.3,2,,"https://github.com/X-Hax/SA-Mod-Manager/releases/download/1.3.4/release_x64.zip,https://github.com/X-Hax/SA-Mod-Manager/releases/download/1.3.4/release_x86.zip",2,
GNU.MidnightCommander,adamyg/mcwin32,"4.8.24-217,4.8.24-218,4.8.24-220,4.8.24-221,4.8.24-222,4.8.24-223,4.8.27,4.8.27-225,4.8.27-226,4.8.28,4.8.30,4.8.31,4.8.33","1NumDot1NumDot2Num,1NumDot1NumDot2NumDash3Num",4.8.33,2,"https://github.com/adamyg/mcwin32/releases/download/4.8.33.231/mcwin32-build231-setup.exe,https://github.com/adamyg/mcwin32/releases/download/4.8.33.231/mcwin32-build231-x64-setup.exe","NA-exe,x64-exe",merged,4.8.33.235,"https://github.com/adamyg/mcwin32/releases/download/4.8.33.235/mcwin32-build235-setup.exe,https://github.com/adamyg/mcwin32/releases/download/4.8.33.235/mcwin32-build235-x64-setup.exe",13,True,0,False,"4.8.28,4.8.24-220,4.8.27,4.8.24-222,4.8.30,4.8.24-218,4.8.24-221,4.8.24-217,4.8.27-226,4.8.33,4.8.24-223,4.8.31,4.8.27-225",14,,"https://github.com/adamyg/mcwin32/releases/download/4.8.33.235/mcwin32-build235-setup.exe,https://github.com/adamyg/mcwin32/releases/download/4.8.33.235/mcwin32-build235-x64-setup.exe",14,
Gauge.Gauge,getgauge/gauge,"1.0.6,1.1.7,1.2.1,1.3.0,1.4.0,1.4.1,1.4.2,1.4.3,1.5.3,1.5.4,1.5.6,1.6.14","1NumDot1NumDot1Num,1NumDot1NumDot2Num",1.6.14,2,"https://github.com/getgauge/gauge/releases/download/v1.6.14/gauge-1.6.14-windows.x86.exe,https://github.com/getgauge/gauge/releases/download/v1.6.14/gauge-1.6.14-windows.x86_64.exe",x86-exe,merged,v1.6.18,"https://github.com/getgauge/gauge/releases/download/v1.6.18/gauge-1.6.18-windows.x86.exe,https://github.com/getgauge/gauge/releases/download/v1.6.18/gauge-1.6.18-windows.x86_64.exe",12,True,0,False,"1.5.6,1.5.4,1.0.6,1.4.2,1.2.1,1.4.1,1.5.3,1.1.7,1.6.14,1.4.0,1.3.0,1.4.3",22,,"https://github.com/getgauge/gauge/releases/download/v1.6.18/gauge-1.6.18-windows.x86.exe,https://github.com/getgauge/gauge/releases/download/v1.6.18/gauge-1.6.18-windows.x86_64.exe",22,
GoldenDict.GoldenDict,goldendict/goldendict,"1.0.1-1,1.5.0","1NumDot1NumDot1Num,1NumDot1NumDot1NumDash1Num",1.5.0,1,https://github.com/goldendict/goldendict/releases/download/1.5.0/GoldenDict-1.5.0-Install.exe,NA-exe,merged,1.5.1,https://github.com/goldendict/goldendict/releases/download/1.5.1/GoldenDict-1.5.1-Install.exe,2,True,0,False,"1.5.0,1.0.1-1",2,,https://github.com/goldendict/goldendict/releases/download/1.5.1/GoldenDict-1.5.1-Install.exe,2,
GaetanSencie.ContabilidadAnual,STENS66/Contabilidad-anual,1.8.0.0,1NumDot1NumDot1NumDot1Num,1.8.0.0,1,https://github.com/STENS66/Contabilidad-anual/releases/download/V1.8.0.0/installer_contabilidad_anual_V1.8.exe,NA-exe,closed,V1.9.0.0,https://github.com/STENS66/Contabilidad-anual/releases/download/V1.9.0.0/Contabilidad.Anual.Simple.V1-9.exe,1,True,0,False,1.8.0.0,1,,https://github.com/STENS66/Contabilidad-anual/releases/download/V1.9.0.0/Contabilidad.Anual.Simple.V1-9.exe,1,
goplus.gop,goplus/gop,"1.2.0,1.2.1,1.2.2,1.2.5,1.2.6,1.3.0,1.3.1,1.3.8,1.3.9,1.4.0,1.4.5,1.4.6",1NumDot1NumDot1Num,1.4.6,3,"https://github.com/goplus/gop/releases/download/v1.4.6/gop1.4.6.windows-386.zip,https://github.com/goplus/gop/releases/download/v1.4.6/gop1.4.6.windows-amd64.zip,https://github.com/goplus/gop/releases/download/v1.4.6/gop1.4.6.windows-arm64.zip","NA-zip,arm64-zip",closed,v1.5.0,"https://github.com/goplus/xgo/releases/download/v1.5.0/xgo1.5.0.windows-386.zip,https://github.com/goplus/xgo/releases/download/v1.5.0/xgo1.5.0.windows-amd64.zip,https://github.com/goplus/xgo/releases/download/v1.5.0/xgo1.5.0.windows-arm64.zip",12,True,0,False,"1.3.9,1.2.6,1.3.1,1.2.5,1.2.1,1.4.5,1.4.0,1.4.6,1.2.2,1.3.8,1.2.0,1.3.0",36,,"https://github.com/goplus/xgo/releases/download/v1.5.0/xgo1.5.0.windows-386.zip,https://github.com/goplus/xgo/releases/download/v1.5.0/xgo1.5.0.windows-amd64.zip,https://github.com/goplus/xgo/releases/download/v1.5.0/xgo1.5.0.windows-arm64.zip",36,
kcl-lang.kcl,kcl-lang/cli,"0.11.0,0.11.1",1NumDot2NumDot1Num,0.11.1,2,"https://github.com/kcl-lang/cli/releases/download/v0.11.1/kcl-v0.11.1-windows-amd64.zip,https://github.com/kcl-lang/cli/releases/download/v0.11.1/kcl-v0.11.1-windows-arm64.zip","NA-zip,arm64-zip",closed,v0.11.2,"https://github.com/kcl-lang/cli/releases/download/v0.11.2/kcl-v0.11.2-windows-amd64.zip,https://github.com/kcl-lang/cli/releases/download/v0.11.2/kcl-v0.11.2-windows-arm64.zip",2,True,0,False,"0.11.0,0.11.1",4,,"https://github.com/kcl-lang/cli/releases/download/v0.11.2/kcl-v0.11.2-windows-amd64.zip,https://github.com/kcl-lang/cli/releases/download/v0.11.2/kcl-v0.11.2-windows-arm64.zip",4,
Kiwix.Wikivoyage,kiwix/kiwix-js-pwa,"2.6.8.0,2.7.6.0,2.8.8.0,2.9.6.0,3.0.6.0,3.1.4.0,3.2.2.0,3.2.8.0,3.3.10.0,3.4.4.0,3.5.6.0,3.6.4.0","1NumDot1NumDot1NumDot1Num,1NumDot1NumDot2NumDot1Num",3.6.4.0,1,https://github.com/kiwix/kiwix-js-pwa/releases/download/v3.6.4-Wikivoyage/Wikivoyage-by-Kiwix-3.6.4-E.appx,NA-appx,merged,v3.6.6,https://github.com/kiwix/kiwix-js-pwa/releases/download/v3.6.6/Kiwix-JS-Electron-3.6.6-E.appx,12,True,0,False,"2.6.8.0,3.0.6.0,3.1.4.0,3.6.4.0,3.2.2.0,3.5.6.0,3.4.4.0,2.7.6.0,2.9.6.0,2.8.8.0,3.3.10.0,3.2.8.0",12,,https://github.com/kiwix/kiwix-js-pwa/releases/download/v3.6.6/Kiwix-JS-Electron-3.6.6-E.appx,12,
KraXen72.crankshaft,KraXen72/crankshaft,"1.5.7,1.7.0,1.8.0",1NumDot1NumDot1Num,1.8.0,2,"https://github.com/KraXen72/crankshaft/releases/download/1.8.0/crankshaft-setup-win-ia32.exe,https://github.com/KraXen72/crankshaft/releases/download/1.8.0/crankshaft-setup-win-x64.exe","NA-exe,x64-exe",merged,1.10.3,"https://github.com/KraXen72/crankshaft/releases/download/1.10.3/crankshaft-portable-win-x64.exe,https://github.com/KraXen72/crankshaft/releases/download/1.10.3/crankshaft-setup-win-x64.exe",3,True,0,False,"1.8.0,1.5.7,1.7.0",6,,"https://github.com/KraXen72/crankshaft/releases/download/1.10.3/crankshaft-portable-win-x64.exe,https://github.com/KraXen72/crankshaft/releases/download/1.10.3/crankshaft-setup-win-x64.exe",6,
Kubetail.Kubetail,kubetail-org/kubetail,"0.5.1,0.6.0,0.7.0",1NumDot1NumDot1Num,0.7.0,2,"https://github.com/kubetail-org/kubetail/releases/download/cli%2Fv0.7.0/kubetail-windows-amd64.zip,https://github.com/kubetail-org/kubetail/releases/download/cli%2Fv0.7.0/kubetail-windows-arm64.zip","NA-zip,arm64-zip",merged,cli/v0.7.1,"https://github.com/kubetail-org/kubetail/releases/download/cli/v0.7.1/kubetail-windows-amd64.zip,https://github.com/kubetail-org/kubetail/releases/download/cli/v0.7.1/kubetail-windows-arm64.zip",3,True,0,False,"0.5.1,0.6.0,0.7.0",6,,"https://github.com/kubetail-org/kubetail/releases/download/cli/v0.7.1/kubetail-windows-amd64.zip,https://github.com/kubetail-org/kubetail/releases/download/cli/v0.7.1/kubetail-windows-arm64.zip",6,
SteamDatabase.SteamTokenDumper,SteamDatabase/SteamTokenDumper,"2024.05.31,2024.06.27,2024.07.18,2024.10.12",4NumDot2NumDot2Num,2024.10.12,3,"https://github.com/SteamDatabase/SteamTokenDumper/releases/download/2024.10.12/SteamTokenDumper-win-x86.zip,https://github.com/SteamDatabase/SteamTokenDumper/releases/download/2024.10.12/SteamTokenDumper-win-x64.zip,https://github.com/SteamDatabase/SteamTokenDumper/releases/download/2024.10.12/SteamTokenDumper-win-arm64.zip","arm64-zip,x64-zip,x86-zip",merged,2025.04.28,"https://github.com/SteamDatabase/SteamTokenDumper/releases/download/2025.04.28/SteamTokenDumper-win-arm64.zip,https://github.com/SteamDatabase/SteamTokenDumper/releases/download/2025.04.28/SteamTokenDumper-win-x64.zip,https://github.com/SteamDatabase/SteamTokenDumper/releases/download/2025.04.28/SteamTokenDumper-win-x86.zip",4,True,0,False,"2024.07.18,2024.10.12,2024.06.27,2024.05.31",12,,"https://github.com/SteamDatabase/SteamTokenDumper/releases/download/2025.04.28/SteamTokenDumper-win-arm64.zip,https://github.com/SteamDatabase/SteamTokenDumper/releases/download/2025.04.28/SteamTokenDumper-win-x64.zip,https://github.com/SteamDatabase/SteamTokenDumper/releases/download/2025.04.28/SteamTokenDumper-win-x86.zip",12,
stevencohn.OneMore,stevencohn/OneMore,"2.10.0,2.11,2.12,2.13,2.13.1,2.14,2.14.1,2.15,2.15.1,2.16,2.17,2.17.1,2.18,2.19,2.19.1,2.19.2,2.9,3.0.0,3.1,3.10.7,3.10.8,3.11,3.11.2,3.11.3,3.12,3.12.1,3.12.2,3.12.3,3.12.4,3.13,3.13.1,3.14,3.15,3.15.1,3.15.2,3.16,3.17,3.18,3.18.1,3.18.2,3.18.3,3.19,3.19.1,3.19.2,3.19.3,3.19.4,3.19.5,3.20,3.21,3.21.1,3.26,3.27,3.28,3.29.1,3.30,3.4,3.4.1,3.4.2,3.4.3,3.4.4,3.5,3.6,3.6.1,3.6.2,3.7,3.7.1,3.8,3.8.1,3.8.2,3.8.3,3.8.4,3.9,3.9.1,3.9.2,3.9.3,3.9.4,4.0,4.1,4.1.1,4.10,4.10.1,4.11,4.12,4.12.1,4.13,4.13.2,4.14,4.15,4.17,4.18,4.19,4.2,4.3,4.4,4.5,4.6,4.7,4.7.1,4.8,4.8.1,4.9,4.9.1,4.9.2,5.0.0,5.1.0,5.1.1,5.1.2,5.2.0,5.2.1,5.3.0,5.4.0,5.4.1,5.4.2,5.4.3,5.4.4,5.5.0,5.7.0,5.7.1,5.7.2,5.8.2,5.8.3,5.8.4,5.8.5,5.9.0,6.7.1,6.7.3","1NumDot1Num,1NumDot1NumDot1Num,1NumDot2Num,1NumDot2NumDot1Num",6.7.3,2,"https://github.com/stevencohn/OneMore/releases/download/6.7.3/OneMore_6.7.3_Setupx86.msi,https://github.com/stevencohn/OneMore/releases/download/6.7.3/OneMore_6.7.3_Setupx64.msi",NA-msi,merged,6.7.4,"https://github.com/stevencohn/OneMore/releases/download/6.7.4/OneMore_6.7.4_Setupx64.msi,https://github.com/stevencohn/OneMore/releases/download/6.7.4/OneMore_6.7.4_Setupx86.msi",126,True,0,False,"3.30,4.7.1,5.2.1,3.4.2,4.8.1,5.1.0,4.13,3.12.1,3.4.1,5.7.0,3.4,4.12,3.21.1,2.9,3.17,4.6,3.8.4,3.6,2.13.1,5.4.1,3.12.4,5.1.1,2.17,3.20,5.8.2,3.15.1,3.9.1,3.9,2.19.1,5.8.3,3.5,4.0,2.18,4.9.1,3.12.2,2.14,3.14,3.1,2.15,4.8,4.13.2,3.9.4,3.15.2,2.10.0,3.7,2.14.1,3.6.1,2.17.1,4.17,6.7.1,3.29.1,3.0.0,5.9.0,3.12,5.4.0,4.1.1,2.19,4.10,3.27,5.8.4,3.8.2,5.0.0,5.3.0,4.9,4.1,4.9.2,3.6.2,3.26,4.5,3.11,2.13,3.9.3,3.28,3.19,3.11.3,4.19,2.15.1,4.12.1,3.18,3.9.2,3.10.8,4.3,2.16,2.12,3.19.2,3.8.1,3.18.3,5.8.5,5.2.0,3.12.3,5.5.0,4.14,6.7.3,3.10.7,4.10.1,4.7,4.15,3.18.1,4.11,3.21,3.4.3,3.13,3.11.2,3.7.1,3.19.5,5.7.1,4.18,3.15,4.2,5.7.2,3.8,5.1.2,3.18.2,4.4,5.4.2,5.4.3,3.16,5.4.4,3.13.1,2.19.2,3.19.1,3.4.4,3.19.4,3.19.3,3.8.3,2.11",172,,"https://github.com/stevencohn/OneMore/releases/download/6.7.4/OneMore_6.7.4_Setupx64.msi,https://github.com/stevencohn/OneMore/releases/download/6.7.4/OneMore_6.7.4_Setupx86.msi",172,
SerialStudio.SerialStudio,Serial-Studio/Serial-Studio,"3.1.3,3.1.4",1NumDot1NumDot1Num,3.1.4,1,https://github.com/Serial-Studio/Serial-Studio/releases/download/v3.1.4/Serial-Studio-3.1.4-Windows-x86_64.msi,x86-msi,merged,v3.1.7,https://github.com/Serial-Studio/Serial-Studio/releases/download/v3.1.7/Serial-Studio-3.1.7-Windows-x86_64.msi,2,True,0,False,"3.1.3,3.1.4",2,,https://github.com/Serial-Studio/Serial-Studio/releases/download/v3.1.7/Serial-Studio-3.1.7-Windows-x86_64.msi,2,
Secret.Chat,SagMeinenNamen/SecretChat,2.7,1NumDot1Num,2.7,1,https://github.com/SagMeinenNamen/SecretChat/raw/main/Output/SecretChat-Installer.exe,NA-exe,merged,SecretChat-Installer,https://github.com/veudal/SecretChat/releases/download/SecretChat-Installer/SecretChat-Installer.exe,1,True,0,False,2.7,1,,https://github.com/veudal/SecretChat/releases/download/SecretChat-Installer/SecretChat-Installer.exe,1,
Simple.TextToSpeech,Thefakewhitefang/SimpleTTS,1.1.4.0,1NumDot1NumDot1NumDot1Num,1.1.4.0,1,https://github.com/Thefakewhitefang/SimpleTTS/releases/latest/download/TextToSpeech.exe,NA-exe,merged,v1.1.4,https://github.com/Thefakewhitefang/SimpleTTS/releases/download/v1.1.4/TextToSpeech.exe,1,True,0,False,1.1.4.0,1,,https://github.com/Thefakewhitefang/SimpleTTS/releases/download/v1.1.4/TextToSpeech.exe,1,
Status.Status,status-im/status-desktop,"0.14.1,0.15.0,2.28.0",1NumDot2NumDot1Num,2.28.0,1,https://github.com/status-im/status-desktop/releases/download/2.28.0/StatusIm-Desktop-v2.28.0-35ec3e-x86_64.exe,x86-exe,merged,2.34.2,https://github.com/status-im/status-desktop/releases/download/2.34.2/StatusIm-Desktop-2.34.2-03f75f-x86_64.exe,3,True,0,False,"0.14.1,0.15.0,2.28.0",3,,https://github.com/status-im/status-desktop/releases/download/2.34.2/StatusIm-Desktop-2.34.2-03f75f-x86_64.exe,3,
stacklok.minder,mindersec/minder,"0.0.14,0.0.15,0.0.16,0.0.17,0.0.18,0.0.19,0.0.20,0.0.21,0.0.22,0.0.23,0.0.24,0.0.25,0.0.26,0.0.27,0.0.28,0.0.29,0.0.30,0.0.31,0.0.32,0.0.33,0.0.34,0.0.36,0.0.37,0.0.38,0.0.39,0.0.40,0.0.41,0.0.42,0.0.43,0.0.44,0.0.45,0.0.46,0.0.47,0.0.49,0.0.50,0.0.51,0.0.53,0.0.54,0.0.55,0.0.56,0.0.58,0.0.60,0.0.61,0.0.62,0.0.64,0.0.66,0.0.67,0.0.68,0.0.69,0.0.70,0.0.71,0.0.72,0.0.73,0.0.74,0.0.75,0.0.76,0.0.77",1NumDot1NumDot2Num,0.0.77,2,"https://github.com/mindersec/minder/releases/download/v0.0.77/minder_0.0.77_windows_amd64.zip,https://github.com/mindersec/minder/releases/download/v0.0.77/minder_0.0.77_windows_arm64.zip","NA-zip,arm64-zip",closed,v0.1.0,"https://github.com/mindersec/minder/releases/download/v0.1.0/minder_0.1.0_windows_amd64.zip,https://github.com/mindersec/minder/releases/download/v0.1.0/minder_0.1.0_windows_arm64.zip",57,True,0,False,"0.0.26,0.0.19,0.0.21,0.0.47,0.0.29,0.0.40,0.0.43,0.0.45,0.0.36,0.0.60,0.0.28,0.0.71,0.0.72,0.0.32,0.0.67,0.0.14,0.0.33,0.0.24,0.0.27,0.0.58,0.0.51,0.0.53,0.0.16,0.0.37,0.0.31,0.0.22,0.0.39,0.0.42,0.0.38,0.0.18,0.0.15,0.0.23,0.0.50,0.0.34,0.0.20,0.0.70,0.0.66,0.0.30,0.0.44,0.0.61,0.0.56,0.0.55,0.0.49,0.0.73,0.0.69,0.0.77,0.0.76,0.0.54,0.0.75,0.0.41,0.0.68,0.0.74,0.0.46,0.0.64,0.0.62,0.0.25,0.0.17",114,,"https://github.com/mindersec/minder/releases/download/v0.1.0/minder_0.1.0_windows_amd64.zip,https://github.com/mindersec/minder/releases/download/v0.1.0/minder_0.1.0_windows_arm64.zip",114,
SagMeinenNamen.TypingTest,SagMeinenNamen/TypingTest,1.0.0.0,1NumDot1NumDot1NumDot1Num,1.0.0.0,1,https://github.com/SagMeinenNamen/TypingTest/raw/main/TypingTest.exe,NA-exe,closed,v1.0,https://github.com/veudal/TypingTest/releases/download/v1.0/TypingTest.exe,1,True,0,False,1.0.0.0,1,,https://github.com/veudal/TypingTest/releases/download/v1.0/TypingTest.exe,1,
SagMeinenNamen.OpenStoreInstaller,SagMeinenNamen/OpenStore,1.0.0.0,1NumDot1NumDot1NumDot1Num,1.0.0.0,1,https://github.com/SagMeinenNamen/OpenStore/raw/main/OpenStoreInstaller.exe,NA-exe,closed,v1.0,https://github.com/veudal/OpenStore/releases/download/v1.0/OpenStoreInstaller.exe,1,True,0,False,1.0.0.0,1,,https://github.com/veudal/OpenStore/releases/download/v1.0/OpenStoreInstaller.exe,1,
SagMeinenNamen.eChess,SagMeinenNamen/eChess,1.8,1NumDot1Num,1.8,1,https://github.com/SagMeinenNamen/eChess/raw/main/eChess-Installer.exe,NA-exe,closed,v1.9,https://github.com/veudal/eChess/releases/download/v1.9/eChess.exe,1,True,0,False,1.8,1,,https://github.com/veudal/eChess/releases/download/v1.9/eChess.exe,1,
Wox.Wox,Wox-launcher/Wox,1.4.1196,1NumDot1NumDot4Num,1.4.1196,1,https://github.com/Wox-launcher/Wox/releases/download/v1.4.1196/Wox-1.4.1196.exe,NA-exe,merged,v2.0.0-beta.3,https://github.com/Wox-launcher/Wox/releases/download/v2.0.0-beta.3/wox-windows-amd64.exe,1,True,0,False,1.4.1196,1,,https://github.com/Wox-launcher/Wox/releases/download/v2.0.0-beta.3/wox-windows-amd64.exe,1,
Nextcloud.Talk,nextcloud-releases/talk-desktop,"1.0.0,1.0.0-rc2,1.0.1,1.0.2,1.1.5,1.1.6,1.1.7,1.1.8,1.1.9,1.2.3","1NumDot1NumDot1Num,1NumDot1NumDot1NumDashrc1Num",1.2.3,1,https://github.com/nextcloud-releases/talk-desktop/releases/download/v1.2.3/Nextcloud.Talk-windows-x64.exe,x64-exe,merged,v1.2.4,https://github.com/nextcloud-releases/talk-desktop/releases/download/v1.2.4/Nextcloud.Talk-windows-x64.exe,10,True,0,False,"1.1.5,1.0.0,1.0.1,1.2.3,1.1.8,1.0.0-rc2,1.1.7,1.1.9,1.0.2,1.1.6",10,,https://github.com/nextcloud-releases/talk-desktop/releases/download/v1.2.4/Nextcloud.Talk-windows-x64.exe,10,
nginx.nginx-prometheus-exporter,nginx/nginx-prometheus-exporter,"1.1.0,1.2.0,1.3.0,1.4.1",1NumDot1NumDot1Num,1.4.1,3,"https://github.com/nginx/nginx-prometheus-exporter/releases/download/v1.4.1/nginx-prometheus-exporter_1.4.1_windows_amd64.zip,https://github.com/nginx/nginx-prometheus-exporter/releases/download/v1.4.1/nginx-prometheus-exporter_1.4.1_windows_386.zip,https://github.com/nginx/nginx-prometheus-exporter/releases/download/v1.4.1/nginx-prometheus-exporter_1.4.1_windows_arm64.zip","NA-zip,arm64-zip",closed,v1.4.2,"https://github.com/nginx/nginx-prometheus-exporter/releases/download/v1.4.2/nginx-prometheus-exporter_1.4.2_windows_386.zip,https://github.com/nginx/nginx-prometheus-exporter/releases/download/v1.4.2/nginx-prometheus-exporter_1.4.2_windows_amd64.zip,https://github.com/nginx/nginx-prometheus-exporter/releases/download/v1.4.2/nginx-prometheus-exporter_1.4.2_windows_arm64.zip",4,True,0,False,"1.4.1,1.1.0,1.2.0,1.3.0",12,,"https://github.com/nginx/nginx-prometheus-exporter/releases/download/v1.4.2/nginx-prometheus-exporter_1.4.2_windows_386.zip,https://github.com/nginx/nginx-prometheus-exporter/releases/download/v1.4.2/nginx-prometheus-exporter_1.4.2_windows_amd64.zip,https://github.com/nginx/nginx-prometheus-exporter/releases/download/v1.4.2/nginx-prometheus-exporter_1.4.2_windows_arm64.zip",12,
NimLang.ChooseNim,nim-lang/choosenim,"0.8.12,0.8.14",1NumDot1NumDot2Num,0.8.14,1,https://github.com/nim-lang/choosenim/releases/download/v0.8.14/choosenim-0.8.14_windows_amd64.zip,NA-zip,merged,v0.8.16,https://github.com/nim-lang/choosenim/releases/download/v0.8.16/choosenim-0.8.16_windows_amd64.zip,2,True,0,False,"0.8.14,0.8.12",2,,https://github.com/nim-lang/choosenim/releases/download/v0.8.16/choosenim-0.8.16_windows_amd64.zip,2,
nikpapa.palamedes,nikpapa/Palamedes,"0.47,0.53.1,0.53.2,0.53.3","1NumDot2Num,1NumDot2NumDot1Num",0.53.3,1,https://github.com/nikpapa/Palamedes/releases/download/0.53.3/Palamedes_install_0.53.3.exe,NA-exe,merged,0.54.0,https://github.com/nikpapa/Palamedes/releases/download/0.54.0/Palamedes_install_0.54.0.exe,4,True,0,False,"0.53.1,0.47,0.53.2,0.53.3",4,,https://github.com/nikpapa/Palamedes/releases/download/0.54.0/Palamedes_install_0.54.0.exe,4,
1History.1History,1History/1History,"0.3.1,0.3.2,0.3.3",1NumDot1NumDot1Num,0.3.3,1,https://github.com/1History/1History/releases/download/v0.3.3/1History_v0.3.3_x86_64-pc-windows-gnu.zip,x86-zip,merged,v0.3.4,https://github.com/1History/1History/releases/download/v0.3.4/1History_v0.3.4_x86_64-unknown-linux-musl.zip,3,True,0,False,"0.3.3,0.3.2,0.3.1",3,,https://github.com/1History/1History/releases/download/v0.3.4/1History_v0.3.4_x86_64-unknown-linux-musl.zip,3,
YutakaSawada.MultiPar,Yutaka-Sawada/MultiPar,"1.3.1.9,1.3.2.9",1NumDot1NumDot1NumDot1Num,1.3.2.9,1,https://github.com/Yutaka-Sawada/MultiPar/releases/download/v1.3.2.9/MultiPar132_setup.exe,NA-exe,closed,v1.3.3.4,https://github.com/Yutaka-Sawada/MultiPar/releases/download/v1.3.3.4/MultiPar1334_setup.exe,2,True,0,False,"1.3.1.9,1.3.2.9",2,,https://github.com/Yutaka-Sawada/MultiPar/releases/download/v1.3.3.4/MultiPar1334_setup.exe,2,
YuminZhan.WinLinker,Yumin-Zhan/WinLinker,1.0.0,1NumDot1NumDot1Num,1.0.0,2,"https://github.com/Yumin-Zhan/WinLinker/releases/download/v1.0.0/WinLinkerSetup_v1.0.0.msi,https://github.com/Yumin-Zhan/WinLinker/releases/download/v1.0.0/WinLinkerUserSetup_v1.0.0.msi",NA-msi,merged,v1.1.0,"https://github.com/Yumin-Zhan/WinLinker/releases/download/v1.1.0/WinLinkerSetup_v1.1.0.msi,https://github.com/Yumin-Zhan/WinLinker/releases/download/v1.1.0/WinLinkerUserSetup_v1.1.0.msi",1,True,0,False,1.0.0,2,,"https://github.com/Yumin-Zhan/WinLinker/releases/download/v1.1.0/WinLinkerSetup_v1.1.0.msi,https://github.com/Yumin-Zhan/WinLinker/releases/download/v1.1.0/WinLinkerUserSetup_v1.1.0.msi",2,
Ytmdesktop.Ytmdesktop,ytmdesktop/ytmdesktop,"1.13.0,2.0.0,2.0.5","1NumDot1NumDot1Num,1NumDot2NumDot1Num",2.0.5,1,https://github.com/ytmdesktop/ytmdesktop/releases/download/v2.0.5/YouTube-Music.Desktop.App-2.0.5.Setup.exe,NA-exe,merged,v2.0.9,https://github.com/ytmdesktop/ytmdesktop/releases/download/v2.0.9/YouTube.Music.Desktop.App-2.0.9.Setup.exe,3,True,0,False,"1.13.0,2.0.0,2.0.5",3,,https://github.com/ytmdesktop/ytmdesktop/releases/download/v2.0.9/YouTube.Music.Desktop.App-2.0.9.Setup.exe,3,
huanghongxun.HelloMinecraftLauncher,HMCL-dev/HMCL,"3.5.3.222,3.5.3.223,3.5.3.224,3.5.3.226,3.5.3.227,3.5.3.228,3.5.3.229,3.5.3.230,3.5.4.232,3.5.4.233,3.5.4.234,3.5.5,3.5.5.235,3.5.5.236,3.5.6.239,3.5.7.245,3.6.12","1NumDot1NumDot1Num,1NumDot1NumDot1NumDot3Num,1NumDot1NumDot2Num",3.6.12,1,https://github.com/HMCL-dev/HMCL/releases/download/release-3.6.12/HMCL-3.6.12.exe,NA-exe,closed,release-3.6.14,https://github.com/HMCL-dev/HMCL/releases/download/release-3.6.14/HMCL-3.6.14.exe,17,True,0,False,"3.5.3.224,3.5.3.227,3.5.4.234,3.5.6.239,3.5.3.222,3.5.3.223,3.5.3.229,3.5.7.245,3.5.3.226,3.5.5.236,3.5.5,3.5.3.230,3.6.12,3.5.4.233,3.5.4.232,3.5.3.228,3.5.5.235",17,,https://github.com/HMCL-dev/HMCL/releases/download/release-3.6.14/HMCL-3.6.14.exe,17,
HydrologicEngineeringCenter.HEC-HMS,HydrologicEngineeringCenter/hec-downloads,"4.10,4.9","1NumDot1Num,1NumDot2Num",4.10,1,https://github.com/HydrologicEngineeringCenter/hec-downloads/releases/download/1.0.24/HEC-HMS_410_Setup.exe,NA-exe,merged,1.0.38,https://github.com/HydrologicEngineeringCenter/hec-downloads/releases/download/1.0.38/HEC-HMS_413_Setup.exe,2,True,0,False,"4.10,4.9",2,,https://github.com/HydrologicEngineeringCenter/hec-downloads/releases/download/1.0.38/HEC-HMS_413_Setup.exe,2,
HydrologicEngineeringCenter.HEC-RAS,HydrologicEngineeringCenter/hec-downloads,"6.1.0.0,6.2.0.0,6.3.1,6.4.1","1NumDot1NumDot1Num,1NumDot1NumDot1NumDot1Num",6.4.1,1,https://github.com/HydrologicEngineeringCenter/hec-downloads/releases/download/1.0.28/HEC-RAS_641_Setup.exe,NA-exe,merged,1.0.38,https://github.com/HydrologicEngineeringCenter/hec-downloads/releases/download/1.0.38/HEC-HMS_413_Setup.exe,4,True,0,False,"6.4.1,6.2.0.0,6.1.0.0,6.3.1",4,,https://github.com/HydrologicEngineeringCenter/hec-downloads/releases/download/1.0.38/HEC-HMS_413_Setup.exe,4,
Hiddify.Next,hiddify/hiddify-next,"0.10.0,0.10.8.dev,0.10.9.dev,0.11.0,0.12.0,0.12.2,1.5.2,2.0.5,v0.10.7.dev","1NumDot1NumDot1Num,1NumDot2NumDot1Num,1NumDot2NumDot1NumDotdev",v0.10.7.dev,1,https://github.com/hiddify/hiddify-next/releases/download/v0.10.7.dev/hiddify-windows-x64-setup.zip,x64-zip,merged,v2.0.5,https://github.com/hiddify/hiddify-app/releases/download/v2.0.5/Hiddify-Windows-Portable-x64.zip,9,True,0,False,"0.10.0,0.12.2,0.12.0,0.10.9.dev,0.11.0,v0.10.7.dev,1.5.2,0.10.8.dev,2.0.5",9,,https://github.com/hiddify/hiddify-app/releases/download/v2.0.5/Hiddify-Windows-Portable-x64.zip,9,
lightspark.lightspark,lightspark/lightspark,"0.8.4-git,0.8.5-git,0.8.6-git",1NumDot1NumDot1NumDash3Letter,0.8.6-git,2,"https://github.com/lightspark/lightspark/releases/download/0.8.6.1/Lightspark-v0.8.6.1-Installer-win32.exe,https://github.com/lightspark/lightspark/releases/download/0.8.6.1/Lightspark-v0.8.6.1-Installer-win64.exe",NA-exe,merged,0.9.0,"https://github.com/lightspark/lightspark/releases/download/0.9.0/Lightspark-v0.9.0-Installer-win32.exe,https://github.com/lightspark/lightspark/releases/download/0.9.0/Lightspark-v0.9.0-Installer-win64.exe",3,True,0,False,"0.8.4-git,0.8.5-git,0.8.6-git",5,,"https://github.com/lightspark/lightspark/releases/download/0.9.0/Lightspark-v0.9.0-Installer-win32.exe,https://github.com/lightspark/lightspark/releases/download/0.9.0/Lightspark-v0.9.0-Installer-win64.exe",5,
lucasg.Dependencies,himeshsameera/Dependencies,"1.11.1,2.1.0","1NumDot1NumDot1Num,1NumDot2NumDot1Num",2.1.0,2,"https://github.com/himeshsameera/Dependencies/releases/download/v2.1.0/Dependencies_v2.1.0_x86.zip,https://github.com/himeshsameera/Dependencies/releases/download/v2.1.0/Dependencies_v2.1.0_x64.zip","x64-zip,x86-zip",merged,v2.2.0,"https://github.com/himeshsameera/Dependencies/releases/download/v2.2.0/Dependencies_v2.2.0_x64.zip,https://github.com/himeshsameera/Dependencies/releases/download/v2.2.0/Dependencies_v2.2.0_x86.zip",2,True,0,False,"1.11.1,2.1.0",4,,"https://github.com/himeshsameera/Dependencies/releases/download/v2.2.0/Dependencies_v2.2.0_x64.zip,https://github.com/himeshsameera/Dependencies/releases/download/v2.2.0/Dependencies_v2.2.0_x86.zip",4,
Erlang.ErlangOTP,erlang/otp,"23.3.4.11,23.3.4.16,23.3.4.17,24.0,24.2,24.2.1,24.2.2,24.3,24.3.1,24.3.2,24.3.3,24.3.4,24.3.4.1,24.3.4.10,24.3.4.4,24.3.4.5,24.3.4.6,24.3.4.7,24.3.4.9,25.0,25.0.1,25.0.2,25.0.3,25.1,25.1.1,25.1.2,25.2,25.2.1,25.2.2,25.2.3,25.3,25.3.2.1,25.3.2.14,25.3.2.15,25.3.2.4,25.3.2.5,25.3.2.6,25.3.2.7,26.0.1,26.1,26.1.1,26.2.1,26.2.4,26.2.5.1,26.2.5.3,26.2.5.4,26.2.5.5,26.2.5.7,27.0,27.0.1,27.1.1,27.1.2,27.1.3,27.2,27.2.1,27.2.2,27.2.3,27.2.4,27.3,27.3.1,27.3.2,27.3.3,27.3.4,27.3.4.1,28.0","2NumDot1Num,2NumDot1NumDot1Num,2NumDot1NumDot1NumDot1Num,2NumDot1NumDot1NumDot2Num",28.0,2,"https://github.com/erlang/otp/releases/download/OTP-28.0/otp_win32_28.0.exe,https://github.com/erlang/otp/releases/download/OTP-28.0/otp_win64_28.0.exe",NA-exe,closed,OTP-28.0.1,"https://github.com/erlang/otp/releases/download/OTP-28.0.1/otp_win32_28.0.1.exe,https://github.com/erlang/otp/releases/download/OTP-28.0.1/otp_win64_28.0.1.exe",65,True,0,False,"26.2.5.4,24.3.4.10,25.1,24.0,27.1.3,24.3.2,27.3.2,25.0.1,24.3.3,26.2.5.5,27.1.2,24.3.4.4,24.2.2,25.3.2.5,23.3.4.11,24.3.4.6,25.3.2.4,23.3.4.16,25.2.2,25.1.2,27.2.3,27.1.1,27.0.1,27.2.4,24.2,25.2,27.3,25.0.2,25.3.2.6,27.3.3,27.3.4.1,26.0.1,26.1.1,25.3.2.14,26.2.1,25.3.2.15,24.3.1,25.2.3,26.2.5.3,24.3.4.9,26.2.4,26.1,25.1.1,26.2.5.1,24.3,27.3.1,27.2.1,24.3.4.1,25.3.2.7,24.3.4,24.3.4.7,23.3.4.17,24.3.4.5,26.2.5.7,27.3.4,27.0,25.0,25.3.2.1,27.2,28.0,25.0.3,25.2.1,27.2.2,25.3,24.2.1",129,,"https://github.com/erlang/otp/releases/download/OTP-28.0.1/otp_win32_28.0.1.exe,https://github.com/erlang/otp/releases/download/OTP-28.0.1/otp_win64_28.0.1.exe",129,
EDCD.EliteDangerousMarketConnector,EDCD/EDMarketConnector,"5.12.1,5.2.4.0,5.3.0.0,5.3.1.0,5.3.3.0,5.3.4.0,5.4.1.0","1NumDot1NumDot1NumDot1Num,1NumDot2NumDot1Num",5.12.1,2,"https://github.com/EDCD/EDMarketConnector/releases/download/Release%2F5.12.1/EDMarketConnector_Installer_5.12.1.exe,https://github.com/EDCD/EDMarketConnector/releases/download/Release%2F5.12.1/EDMarketConnector_Installer_5.12.1.exe",NA-exe,merged,Release/5.13.1,"https://github.com/EDCD/EDMarketConnector/releases/download/Release/5.13.1/EDMarketConnector_Installer_5.13.1.exe,https://github.com/EDCD/EDMarketConnector/releases/download/Release/5.13.1/EDMarketConnector_Installer_Unsigned_5.13.1.exe",7,True,0,False,"5.3.4.0,5.3.1.0,5.12.1,5.2.4.0,5.3.3.0,5.4.1.0,5.3.0.0",7,,"https://github.com/EDCD/EDMarketConnector/releases/download/Release/5.13.1/EDMarketConnector_Installer_5.13.1.exe,https://github.com/EDCD/EDMarketConnector/releases/download/Release/5.13.1/EDMarketConnector_Installer_Unsigned_5.13.1.exe",7,
Dothq.DotBrowser,dothq/browser-desktop,87.0,2NumDot1Num,87.0,1,https://github.com/dothq/browser-desktop/releases/download/87.0-2021-05-28/dot-87.0.exe,NA-exe,merged,87.0-2021-07-24,https://github.com/dothq/browser-desktop/releases/download/87.0-2021-07-24/dot-87.0.exe,1,True,0,False,87.0,1,,https://github.com/dothq/browser-desktop/releases/download/87.0-2021-07-24/dot-87.0.exe,1,
DynamoRIO.DynamoRIO,DynamoRIO/dynamorio,"11.90.20168,9.93.19518","1NumDot2NumDot5Num,2NumDot2NumDot5Num",11.90.20168,1,https://github.com/DynamoRIO/dynamorio/releases/download/cronbuild-11.90.20168/DynamoRIO-Windows-11.90.20168.zip,NA-zip,merged,cronbuild-11.90.20281,https://github.com/DynamoRIO/dynamorio/releases/download/cronbuild-11.90.20281/DynamoRIO-Windows-11.90.20281.zip,2,True,0,False,"9.93.19518,11.90.20168",2,,https://github.com/DynamoRIO/dynamorio/releases/download/cronbuild-11.90.20281/DynamoRIO-Windows-11.90.20281.zip,2,
DynamoRIO.drmemory,DynamoRIO/drmemory,"2.5.19327,2.6.20185",1NumDot1NumDot5Num,2.6.20185,1,https://github.com/DynamoRIO/drmemory/releases/download/cronbuild-2.6.20185/DrMemory-Windows-2.6.20185.zip,NA-zip,merged,cronbuild-2.6.20282,https://github.com/DynamoRIO/drmemory/releases/download/cronbuild-2.6.20282/DrMemory-Windows-2.6.20282.zip,2,True,0,False,"2.5.19327,2.6.20185",2,,https://github.com/DynamoRIO/drmemory/releases/download/cronbuild-2.6.20282/DrMemory-Windows-2.6.20282.zip,2,
Dyne.CJIT,dyne/cjit,"0.17.2,0.18.1",1NumDot2NumDot1Num,0.18.1,2,"https://github.com/dyne/cjit/releases/download/v0.18.1/CJIT_install.exe,https://github.com/dyne/cjit/releases/download/v0.18.1/CJIT_install.exe",NA-exe,merged,v0.18.2,"https://github.com/dyne/cjit/releases/download/v0.18.2/cjit.exe,https://github.com/dyne/cjit/releases/download/v0.18.2/CJIT_install.exe",2,True,0,False,"0.17.2,0.18.1",2,,"https://github.com/dyne/cjit/releases/download/v0.18.2/cjit.exe,https://github.com/dyne/cjit/releases/download/v0.18.2/CJIT_install.exe",2,
dremin.RetroBar,dremin/RetroBar,"1.15,1.16,1.17,1.18,1.19",1NumDot2Num,1.19,4,"https://github.com/dremin/RetroBar/releases/download/v1.19.43/RetroBar.Installer.zip,https://github.com/dremin/RetroBar/releases/download/v1.19.43/RetroBar.Portable.64-bit.zip,https://github.com/dremin/RetroBar/releases/download/v1.19.43/RetroBar.Portable.32-bit.zip,https://github.com/dremin/RetroBar/releases/download/v1.19.43/RetroBar.Portable.ARM64.zip","NA-zip,arm64-zip",merged,v1.20.37,"https://github.com/dremin/RetroBar/releases/download/v1.20.37/RetroBar.Installer.zip,https://github.com/dremin/RetroBar/releases/download/v1.20.37/RetroBar.Portable.32-bit.zip,https://github.com/dremin/RetroBar/releases/download/v1.20.37/RetroBar.Portable.64-bit.zip,https://github.com/dremin/RetroBar/releases/download/v1.20.37/RetroBar.Portable.ARM64.zip",5,True,0,False,"1.17,1.19,1.16,1.18,1.15",8,,"https://github.com/dremin/RetroBar/releases/download/v1.20.37/RetroBar.Installer.zip,https://github.com/dremin/RetroBar/releases/download/v1.20.37/RetroBar.Portable.32-bit.zip,https://github.com/dremin/RetroBar/releases/download/v1.20.37/RetroBar.Portable.64-bit.zip,https://github.com/dremin/RetroBar/releases/download/v1.20.37/RetroBar.Portable.ARM64.zip",8,
CarnegieMellonUniversity.Alice3,TheAliceProject/alice3,"3.7.0.0,3.8.0.0",1NumDot1NumDot1NumDot1Num,3.8.0.0,1,https://github.com/TheAliceProject/alice3/releases/download/3.8.0.0/alice3_windows-x64_installer_3_8_0_0+build_1046.exe,x64-exe,closed,3.9.0.2,https://github.com/TheAliceProject/alice3/releases/download/3.9.0.2/alice3_windows-x64_installer_3_9_0_2+build_1224.exe,2,True,0,False,"3.8.0.0,3.7.0.0",2,,https://github.com/TheAliceProject/alice3/releases/download/3.9.0.2/alice3_windows-x64_installer_3_9_0_2+build_1224.exe,2,
Corona.Solar2D,coronalabs/corona,"23.0.3688,24.0.3706",2NumDot1NumDot4Num,24.0.3706,1,https://github.com/coronalabs/corona/releases/download/3706/Solar2D-Windows-2024.3706.msi,NA-msi,closed,3721,https://github.com/coronalabs/corona/releases/download/3721/Solar2D-Windows-2025.3721.msi,2,True,0,False,"24.0.3706,23.0.3688",2,,https://github.com/coronalabs/corona/releases/download/3721/Solar2D-Windows-2025.3721.msi,2,
CuteChess.CuteChess,cutechess/cutechess,1.3.1,1NumDot1NumDot1Num,1.3.1,1,https://github.com/cutechess/cutechess/releases/download/v1.3.1/cutechess-1.3.1-win64.zip,NA-zip,merged,v1.4.0,https://github.com/cutechess/cutechess/releases/download/v1.4.0/cutechess-1.4.0-win64.zip,1,True,0,False,1.3.1,1,,https://github.com/cutechess/cutechess/releases/download/v1.4.0/cutechess-1.4.0-win64.zip,1,
CondaForge.Mambaforge,conda-forge/miniforge,"23.1.0-1,23.11.0-0,23.3.1-1,24.11.0-0,24.11.0-1,24.3.0-0,24.7.1-0,24.7.1-2,24.9.0-0,24.9.2-0,4.12.0-2,4.14.0-0","1NumDot2NumDot1NumDash1Num,2NumDot1NumDot1NumDash1Num,2NumDot2NumDot1NumDash1Num",24.11.0-1,2,"https://github.com/conda-forge/miniforge/releases/download/24.11.0-1/Mambaforge-24.11.0-1-Windows-x86_64.exe,https://github.com/conda-forge/miniforge/releases/download/24.11.0-1/Mambaforge-24.11.0-1-Windows-x86_64.exe",x86-exe,merged,25.3.0-3,"https://github.com/conda-forge/miniforge/releases/download/25.3.0-3/Miniforge3-25.3.0-3-Windows-x86_64.exe,https://github.com/conda-forge/miniforge/releases/download/25.3.0-3/Miniforge3-Windows-x86_64.exe",12,True,0,False,"23.3.1-1,24.9.2-0,23.1.0-1,24.7.1-0,24.3.0-0,23.11.0-0,4.12.0-2,24.11.0-1,24.11.0-0,24.7.1-2,4.14.0-0,24.9.0-0",12,,"https://github.com/conda-forge/miniforge/releases/download/25.3.0-3/Miniforge3-25.3.0-3-Windows-x86_64.exe,https://github.com/conda-forge/miniforge/releases/download/25.3.0-3/Miniforge3-Windows-x86_64.exe",12,
ChenQingYu.BF,chen-qingyu/bf,"1.0.0,1.1.0",1NumDot1NumDot1Num,1.1.0,1,https://github.com/chen-qingyu/bf/releases/download/v1.1.0/bf-1.1.0-win64.exe,NA-exe,merged,v1.1.1,https://github.com/chen-qingyu/bf/releases/download/v1.1.1/bf-1.1.1-win64.exe,2,True,0,False,"1.0.0,1.1.0",2,,https://github.com/chen-qingyu/bf/releases/download/v1.1.1/bf-1.1.1-win64.exe,2,
CozyCloud.CozyDrive,cozy-labs/cozy-desktop,"3.20.0,3.28.0,3.28.1,3.29.0,3.30.0,3.30.1,3.33.0,3.34.2,3.35.0,3.38.0,3.40.0,3.41.0,3.42.0",1NumDot2NumDot1Num,3.42.0,1,https://github.com/cozy-labs/cozy-desktop/releases/download/v3.42.0/Cozy-Drive-Setup-3.42.0.exe,NA-exe,merged,v3.43.1,https://github.com/cozy-labs/cozy-desktop/releases/download/v3.43.1/Cozy-Drive-Setup-3.43.1.exe,13,True,0,False,"3.38.0,3.41.0,3.34.2,3.42.0,3.30.0,3.28.1,3.29.0,3.35.0,3.33.0,3.40.0,3.30.1,3.28.0,3.20.0",13,,https://github.com/cozy-labs/cozy-desktop/releases/download/v3.43.1/Cozy-Drive-Setup-3.43.1.exe,13,
converse.converse,conversejs/converse-desktop,"10.1.5,9.1.0","1NumDot1NumDot1Num,2NumDot1NumDot1Num",10.1.5,1,https://github.com/conversejs/converse-desktop/releases/download/v10.1.5/Converse.Desktop.Setup.10.1.5.exe,NA-exe,merged,v11.0.1,https://github.com/conversejs/converse-desktop/releases/download/v11.0.1/Converse.Desktop.Setup.11.0.1.exe,2,True,0,False,"9.1.0,10.1.5",2,,https://github.com/conversejs/converse-desktop/releases/download/v11.0.1/Converse.Desktop.Setup.11.0.1.exe,2,
CollapseLauncher.Collapse,CollapseLauncher/Collapse,"1.73.8,1.80.14,1.80.15,1.80.16,1.80.17,1.80.19,1.82.10,1.82.11,1.82.13,1.82.21,1.82.24,1.82.28,1.82.9","1NumDot2NumDot1Num,1NumDot2NumDot2Num",1.82.28,1,https://github.com/CollapseLauncher/Collapse/releases/download/CL-v1.82.28/CollapseLauncher-stable-Setup.exe,NA-exe,merged,CL-v1.82.29,https://github.com/CollapseLauncher/Collapse/releases/download/CL-v1.82.29/CollapseLauncher-stable-Setup.exe,13,True,0,False,"1.82.11,1.82.28,1.82.9,1.82.10,1.82.24,1.73.8,1.82.13,1.80.14,1.80.15,1.82.21,1.80.17,1.80.19,1.80.16",13,,https://github.com/CollapseLauncher/Collapse/releases/download/CL-v1.82.29/CollapseLauncher-stable-Setup.exe,13,
Cloudreve.Cloudreve,cloudreve/Cloudreve,3.8.3,1NumDot1NumDot1Num,3.8.3,2,"https://github.com/cloudreve/Cloudreve/releases/download/3.8.3/cloudreve_3.8.3_windows_amd64.zip,https://github.com/cloudreve/Cloudreve/releases/download/3.8.3/cloudreve_3.8.3_windows_arm64.zip","NA-zip,arm64-zip",merged,4.3.0,"https://github.com/cloudreve/cloudreve/releases/download/4.3.0/cloudreve_4.3.0_windows_amd64.zip,https://github.com/cloudreve/cloudreve/releases/download/4.3.0/cloudreve_4.3.0_windows_arm64.zip",1,True,0,False,3.8.3,2,,"https://github.com/cloudreve/cloudreve/releases/download/4.3.0/cloudreve_4.3.0_windows_amd64.zip,https://github.com/cloudreve/cloudreve/releases/download/4.3.0/cloudreve_4.3.0_windows_arm64.zip",2,
Clementine.Clementine,clementine-player/Clementine,"1.3.1,1.4.1",1NumDot1NumDot1Num,1.4.1,1,https://github.com/clementine-player/Clementine/releases/download/1.4.1-32-g2e6af22d7/ClementineSetup-1.4.1-32-g2e6af22d7.exe,NA-exe,merged,1.4.1-47-g488b6416e,https://github.com/clementine-player/Clementine/releases/download/1.4.1-47-g488b6416e/ClementineSetup-1.4.1-47-g488b6416e.exe,2,True,0,False,"1.3.1,1.4.1",2,,https://github.com/clementine-player/Clementine/releases/download/1.4.1-47-g488b6416e/ClementineSetup-1.4.1-47-g488b6416e.exe,2,
